Epic,Feature,User Story,Acceptance Criteria
User Account Management,User Registration,User Story 1: User Registration,"Given I am on the registration page, when I fill in my details and submit, then my account should be created.\nGiven I have an existing account, when I try to register again, then I should see an error message.\nGiven I am on the registration page, when I leave required fields empty, then I should see validation messages.\nGiven I am a new user, when I register successfully, then I should receive a confirmation email."
User Account Management,User Profile Management,,
Book Search and Discovery,Search Functionality,User Story 2: Book Search,"Given I am on the homepage, when I enter a book title in the search bar, then I should see relevant results.\nGiven I am on the search results page, when I apply filters, then the results should update accordingly.\nGiven I am on the search results page, when I click on a book, then I should see the book details.\nGiven I am on the search results page, when I search for a non-existent book, then I should see a 'no results found' message."
Book Search and Discovery,Book Recommendations,,
Inventory Management,Automated Inventory Tracking,,
Inventory Management,Admin Inventory Updates,,
Order Management,Order Placement,User Story 3: Order Placement,"Given I have selected a book, when I click 'Add to Cart', then the book should be added to my cart.\nGiven I have items in my cart, when I proceed to checkout, then I should be able to enter my payment details.\nGiven I have completed my order, when I check my email, then I should receive an order confirmation.\nGiven I am on the checkout page, when I enter invalid payment information, then I should see an error message."
Order Management,Order Returns,,
User Reviews,Review Submission,User Story 4: Review Submission,"Given I have purchased a book, when I navigate to the book page, then I should see an option to leave a review.\nGiven I am submitting a review, when I leave the review field empty, then I should see a validation message.\nGiven I have submitted a review, when I refresh the page, then my review should be displayed.\nGiven I am a user, when I try to submit a review for a book I haven't purchased, then I should see an error message."
User Reviews,Review Display,,