ID,Epic,Title,As a,I want,So that,Acceptance Criteria (pipe-separated)
US-001,Core Functionality,Support event type: Class visits,user,support event type: Class visits,achieve the intended outcome,"Given a valid context, when the user performs 'support event type: Class visits', then the operation succeeds. | Given an alternate context, when the user performs 'support event type: Class visits', then the system handles the edge case gracefully. | Given invalid inputs, when the user performs 'support event type: Class visits', then the system returns a clear validation error. | Given normal load, when the user performs 'support event type: Class visits', then the response time meets performance targets."
US-002,Core Functionality,Support event type: Field trips,user,support event type: Field trips,achieve the intended outcome,"Given a valid context, when the user performs 'support event type: Field trips', then the operation succeeds. | Given an alternate context, when the user performs 'support event type: Field trips', then the system handles the edge case gracefully. | Given invalid inputs, when the user performs 'support event type: Field trips', then the system returns a clear validation error. | Given normal load, when the user performs 'support event type: Field trips', then the response time meets performance targets."
US-003,Core Functionality,Support event type: Company visits,user,support event type: Company visits,achieve the intended outcome,"Given a valid context, when the user performs 'support event type: Company visits', then the operation succeeds. | Given an alternate context, when the user performs 'support event type: Company visits', then the system handles the edge case gracefully. | Given invalid inputs, when the user performs 'support event type: Company visits', then the system returns a clear validation error. | Given normal load, when the user performs 'support event type: Company visits', then the response time meets performance targets."
US-004,Core Functionality,Support event type: Virtual events,user,support event type: Virtual events,achieve the intended outcome,"Given a valid context, when the user performs 'support event type: Virtual events', then the operation succeeds. | Given an alternate context, when the user performs 'support event type: Virtual events', then the system handles the edge case gracefully. | Given invalid inputs, when the user performs 'support event type: Virtual events', then the system returns a clear validation error. | Given normal load, when the user performs 'support event type: Virtual events', then the response time meets performance targets."
US-005,Core Functionality,Support event type: Miscellaneous activities,user,support event type: Miscellaneous activities,achieve the intended outcome,"Given a valid context, when the user performs 'support event type: Miscellaneous activities', then the operation succeeds. | Given an alternate context, when the user performs 'support event type: Miscellaneous activities', then the system handles the edge case gracefully. | Given invalid inputs, when the user performs 'support event type: Miscellaneous activities', then the system returns a clear validation error. | Given normal load, when the user performs 'support event type: Miscellaneous activities', then the response time meets performance targets."
US-006,Core Functionality,Store event data field: Event type classification,user,store event data field: Event type classification,achieve the intended outcome,"Given a valid context, when the user performs 'store event data field: Event type classification', then the operation succeeds. | Given an alternate context, when the user performs 'store event data field: Event type classification', then the system handles the edge case gracefully. | Given invalid inputs, when the user performs 'store event data field: Event type classification', then the system returns a clear validation error. | Given normal load, when the user performs 'store event data field: Event type classification', then the response time meets performance targets."
US-007,Core Functionality,Store event data field: Host information,user,store event data field: Host information,achieve the intended outcome,"Given a valid context, when the user performs 'store event data field: Host information', then the operation succeeds. | Given an alternate context, when the user performs 'store event data field: Host information', then the system handles the edge case gracefully. | Given invalid inputs, when the user performs 'store event data field: Host information', then the system returns a clear validation error. | Given normal load, when the user performs 'store event data field: Host information', then the response time meets performance targets."
US-008,Core Functionality,Store event data field: Date/time details,user,store event data field: Date/time details,achieve the intended outcome,"Given a valid context, when the user performs 'store event data field: Date/time details', then the operation succeeds. | Given an alternate context, when the user performs 'store event data field: Date/time details', then the system handles the edge case gracefully. | Given invalid inputs, when the user performs 'store event data field: Date/time details', then the system returns a clear validation error. | Given normal load, when the user performs 'store event data field: Date/time details', then the response time meets performance targets."
US-009,Core Functionality,Store event data field: Location/venue,user,store event data field: Location/venue,achieve the intended outcome,"Given a valid context, when the user performs 'store event data field: Location/venue', then the operation succeeds. | Given an alternate context, when the user performs 'store event data field: Location/venue', then the system handles the edge case gracefully. | Given invalid inputs, when the user performs 'store event data field: Location/venue', then the system returns a clear validation error. | Given normal load, when the user performs 'store event data field: Location/venue', then the response time meets performance targets."
US-010,Core Functionality,Store event data field: Description and requirements,user,store event data field: Description and requirements,achieve the intended outcome,"Given a valid context, when the user performs 'store event data field: Description and requirements', then the operation succeeds. | Given an alternate context, when the user performs 'store event data field: Description and requirements', then the system handles the edge case gracefully. | Given invalid inputs, when the user performs 'store event data field: Description and requirements', then the system returns a clear validation error. | Given normal load, when the user performs 'store event data field: Description and requirements', then the response time meets performance targets."
US-011,Core Functionality,Maintain host profile field: Organization name,user,maintain host profile field: Organization name,achieve the intended outcome,"Given a valid context, when the user performs 'maintain host profile field: Organization name', then the operation succeeds. | Given an alternate context, when the user performs 'maintain host profile field: Organization name', then the system handles the edge case gracefully. | Given invalid inputs, when the user performs 'maintain host profile field: Organization name', then the system returns a clear validation error. | Given normal load, when the user performs 'maintain host profile field: Organization name', then the response time meets performance targets."
US-012,Core Functionality,Maintain host profile field: County location,user,maintain host profile field: County location,achieve the intended outcome,"Given a valid context, when the user performs 'maintain host profile field: County location', then the operation succeeds. | Given an alternate context, when the user performs 'maintain host profile field: County location', then the system handles the edge case gracefully. | Given invalid inputs, when the user performs 'maintain host profile field: County location', then the system returns a clear validation error. | Given normal load, when the user performs 'maintain host profile field: County location', then the response time meets performance targets."
US-013,Core Functionality,Maintain host profile field: Website URL,user,maintain host profile field: Website URL,achieve the intended outcome,"Given a valid context, when the user performs 'maintain host profile field: Website URL', then the operation succeeds. | Given an alternate context, when the user performs 'maintain host profile field: Website URL', then the system handles the edge case gracefully. | Given invalid inputs, when the user performs 'maintain host profile field: Website URL', then the system returns a clear validation error. | Given normal load, when the user performs 'maintain host profile field: Website URL', then the response time meets performance targets."
US-014,Core Functionality,Maintain host profile field: Industry classification,user,maintain host profile field: Industry classification,achieve the intended outcome,"Given a valid context, when the user performs 'maintain host profile field: Industry classification', then the operation succeeds. | Given an alternate context, when the user performs 'maintain host profile field: Industry classification', then the system handles the edge case gracefully. | Given invalid inputs, when the user performs 'maintain host profile field: Industry classification', then the system returns a clear validation error. | Given normal load, when the user performs 'maintain host profile field: Industry classification', then the response time meets performance targets."
US-015,Core Functionality,Maintain host profile field: Organization type (Company vs Non-Profit),user,maintain host profile field: Organization type (Company vs Non-Profit),achieve the intended outcome,"Given a valid context, when the user performs 'maintain host profile field: Organization type (Company vs Non-Profit)', then the operation succeeds. | Given an alternate context, when the user performs 'maintain host profile field: Organization type (Company vs Non-Profit)', then the system handles the edge case gracefully. | Given invalid inputs, when the user performs 'maintain host profile field: Organization type (Company vs Non-Profit)', then the system returns a clear validation error. | Given normal load, when the user performs 'maintain host profile field: Organization type (Company vs Non-Profit)', then the response time meets performance targets."
US-016,Core Functionality,Support request type: School visit requests (companies visiting schools),user,support request type: School visit requests (companies visiting schools),achieve the intended outcome,"Given a valid context, when the user performs 'support request type: School visit requests (companies visiting schools)', then the operation succeeds. | Given an alternate context, when the user performs 'support request type: School visit requests (companies visiting schools)', then the system handles the edge case gracefully. | Given invalid inputs, when the user performs 'support request type: School visit requests (companies visiting schools)', then the system returns a clear validation error. | Given normal load, when the user performs 'support request type: School visit requests (companies visiting schools)', then the response time meets performance targets."
US-017,Core Functionality,Support request type: Reverse visit requests (schools visiting companies),user,support request type: Reverse visit requests (schools visiting companies),achieve the intended outcome,"Given a valid context, when the user performs 'support request type: Reverse visit requests (schools visiting companies)', then the operation succeeds. | Given an alternate context, when the user performs 'support request type: Reverse visit requests (schools visiting companies)', then the system handles the edge case gracefully. | Given invalid inputs, when the user performs 'support request type: Reverse visit requests (schools visiting companies)', then the system returns a clear validation error. | Given normal load, when the user performs 'support request type: Reverse visit requests (schools visiting companies)', then the response time meets performance targets."
US-018,Core Functionality,Support request type: Sponsorship requests,user,support request type: Sponsorship requests,achieve the intended outcome,"Given a valid context, when the user performs 'support request type: Sponsorship requests', then the operation succeeds. | Given an alternate context, when the user performs 'support request type: Sponsorship requests', then the system handles the edge case gracefully. | Given invalid inputs, when the user performs 'support request type: Sponsorship requests', then the system returns a clear validation error. | Given normal load, when the user performs 'support request type: Sponsorship requests', then the response time meets performance targets."
US-019,Core Functionality,"Provide discovery capability: Location-based event search (""I'm in Westerville, find me something to do"")",user,"provide discovery capability: Location-based event search (""I'm in Westerville, find me something to do"")",achieve the intended outcome,"Given a valid context, when the user performs 'provide discovery capability: Location-based event search (""I'm in Westerville, find me something to do"")', then the operation succeeds. | Given an alternate context, when the user performs 'provide discovery capability: Location-based event search (""I'm in Westerville, find me something to do"")', then the system handles the edge case gracefully. | Given invalid inputs, when the user performs 'provide discovery capability: Location-based event search (""I'm in Westerville, find me something to do"")', then the system returns a clear validation error. | Given normal load, when the user performs 'provide discovery capability: Location-based event search (""I'm in Westerville, find me something to do"")', then the response time meets performance targets."
US-020,Core Functionality,Provide discovery capability: Member directory with contact preferences,user,provide discovery capability: Member directory with contact preferences,achieve the intended outcome,"Given a valid context, when the user performs 'provide discovery capability: Member directory with contact preferences', then the operation succeeds. | Given an alternate context, when the user performs 'provide discovery capability: Member directory with contact preferences', then the system handles the edge case gracefully. | Given invalid inputs, when the user performs 'provide discovery capability: Member directory with contact preferences', then the system returns a clear validation error. | Given normal load, when the user performs 'provide discovery capability: Member directory with contact preferences', then the response time meets performance targets."
US-021,Core Functionality,"Provide discovery capability: Event filtering by type, location, date",user,"provide discovery capability: Event filtering by type, location, date",achieve the intended outcome,"Given a valid context, when the user performs 'provide discovery capability: Event filtering by type, location, date', then the operation succeeds. | Given an alternate context, when the user performs 'provide discovery capability: Event filtering by type, location, date', then the system handles the edge case gracefully. | Given invalid inputs, when the user performs 'provide discovery capability: Event filtering by type, location, date', then the system returns a clear validation error. | Given normal load, when the user performs 'provide discovery capability: Event filtering by type, location, date', then the response time meets performance targets."
US-022,Core Functionality,Support sponsorship capability: Sponsor profile creation,user,support sponsorship capability: Sponsor profile creation,achieve the intended outcome,"Given a valid context, when the user performs 'support sponsorship capability: Sponsor profile creation', then the operation succeeds. | Given an alternate context, when the user performs 'support sponsorship capability: Sponsor profile creation', then the system handles the edge case gracefully. | Given invalid inputs, when the user performs 'support sponsorship capability: Sponsor profile creation', then the system returns a clear validation error. | Given normal load, when the user performs 'support sponsorship capability: Sponsor profile creation', then the response time meets performance targets."
US-023,Core Functionality,Support sponsorship capability: Sponsorship opportunity matching,user,support sponsorship capability: Sponsorship opportunity matching,achieve the intended outcome,"Given a valid context, when the user performs 'support sponsorship capability: Sponsorship opportunity matching', then the operation succeeds. | Given an alternate context, when the user performs 'support sponsorship capability: Sponsorship opportunity matching', then the system handles the edge case gracefully. | Given invalid inputs, when the user performs 'support sponsorship capability: Sponsorship opportunity matching', then the system returns a clear validation error. | Given normal load, when the user performs 'support sponsorship capability: Sponsorship opportunity matching', then the response time meets performance targets."
US-024,Core Functionality,Support sponsorship capability: Sponsor form completion with option selection,user,support sponsorship capability: Sponsor form completion with option selection,achieve the intended outcome,"Given a valid context, when the user performs 'support sponsorship capability: Sponsor form completion with option selection', then the operation succeeds. | Given an alternate context, when the user performs 'support sponsorship capability: Sponsor form completion with option selection', then the system handles the edge case gracefully. | Given invalid inputs, when the user performs 'support sponsorship capability: Sponsor form completion with option selection', then the system returns a clear validation error. | Given normal load, when the user performs 'support sponsorship capability: Sponsor form completion with option selection', then the response time meets performance targets."
US-025,Core Functionality,Provide email/notification capability: Customizable email templates for different scenarios,user,provide email/notification capability: Customizable email templates for different scenarios,achieve the intended outcome,"Given a valid context, when the user performs 'provide email/notification capability: Customizable email templates for different scenarios', then the operation succeeds. | Given an alternate context, when the user performs 'provide email/notification capability: Customizable email templates for different scenarios', then the system handles the edge case gracefully. | Given invalid inputs, when the user performs 'provide email/notification capability: Customizable email templates for different scenarios', then the system returns a clear validation error. | Given normal load, when the user performs 'provide email/notification capability: Customizable email templates for different scenarios', then the response time meets performance targets."
US-026,Core Functionality,Provide email/notification capability: Automated teacher notifications for sticker programs,user,provide email/notification capability: Automated teacher notifications for sticker programs,achieve the intended outcome,"Given a valid context, when the user performs 'provide email/notification capability: Automated teacher notifications for sticker programs', then the operation succeeds. | Given an alternate context, when the user performs 'provide email/notification capability: Automated teacher notifications for sticker programs', then the system handles the edge case gracefully. | Given invalid inputs, when the user performs 'provide email/notification capability: Automated teacher notifications for sticker programs', then the system returns a clear validation error. | Given normal load, when the user performs 'provide email/notification capability: Automated teacher notifications for sticker programs', then the response time meets performance targets."
US-027,Core Functionality,Provide email/notification capability: Event reminder system for hosts and participants,user,provide email/notification capability: Event reminder system for hosts and participants,achieve the intended outcome,"Given a valid context, when the user performs 'provide email/notification capability: Event reminder system for hosts and participants', then the operation succeeds. | Given an alternate context, when the user performs 'provide email/notification capability: Event reminder system for hosts and participants', then the system handles the edge case gracefully. | Given invalid inputs, when the user performs 'provide email/notification capability: Event reminder system for hosts and participants', then the system returns a clear validation error. | Given normal load, when the user performs 'provide email/notification capability: Event reminder system for hosts and participants', then the response time meets performance targets."
US-028,Core Functionality,Provide email/notification capability: Pre-event instruction emails,user,provide email/notification capability: Pre-event instruction emails,achieve the intended outcome,"Given a valid context, when the user performs 'provide email/notification capability: Pre-event instruction emails', then the operation succeeds. | Given an alternate context, when the user performs 'provide email/notification capability: Pre-event instruction emails', then the system handles the edge case gracefully. | Given invalid inputs, when the user performs 'provide email/notification capability: Pre-event instruction emails', then the system returns a clear validation error. | Given normal load, when the user performs 'provide email/notification capability: Pre-event instruction emails', then the response time meets performance targets."
US-029,Core Functionality,Provide email/notification capability: Follow-up communication templates,user,provide email/notification capability: Follow-up communication templates,achieve the intended outcome,"Given a valid context, when the user performs 'provide email/notification capability: Follow-up communication templates', then the operation succeeds. | Given an alternate context, when the user performs 'provide email/notification capability: Follow-up communication templates', then the system handles the edge case gracefully. | Given invalid inputs, when the user performs 'provide email/notification capability: Follow-up communication templates', then the system returns a clear validation error. | Given normal load, when the user performs 'provide email/notification capability: Follow-up communication templates', then the response time meets performance targets."
US-030,Core Functionality,Provide reporting capability: Daily activity summaries powered by AI,user,provide reporting capability: Daily activity summaries powered by AI,achieve the intended outcome,"Given a valid context, when the user performs 'provide reporting capability: Daily activity summaries powered by AI', then the operation succeeds. | Given an alternate context, when the user performs 'provide reporting capability: Daily activity summaries powered by AI', then the system handles the edge case gracefully. | Given invalid inputs, when the user performs 'provide reporting capability: Daily activity summaries powered by AI', then the system returns a clear validation error. | Given normal load, when the user performs 'provide reporting capability: Daily activity summaries powered by AI', then the response time meets performance targets."
US-031,Core Functionality,Provide reporting capability: Event participation tracking,user,provide reporting capability: Event participation tracking,achieve the intended outcome,"Given a valid context, when the user performs 'provide reporting capability: Event participation tracking', then the operation succeeds. | Given an alternate context, when the user performs 'provide reporting capability: Event participation tracking', then the system handles the edge case gracefully. | Given invalid inputs, when the user performs 'provide reporting capability: Event participation tracking', then the system returns a clear validation error. | Given normal load, when the user performs 'provide reporting capability: Event participation tracking', then the response time meets performance targets."
US-032,Core Functionality,Provide reporting capability: Social media integration (hashtag aggregation),user,provide reporting capability: Social media integration (hashtag aggregation),achieve the intended outcome,"Given a valid context, when the user performs 'provide reporting capability: Social media integration (hashtag aggregation)', then the operation succeeds. | Given an alternate context, when the user performs 'provide reporting capability: Social media integration (hashtag aggregation)', then the system handles the edge case gracefully. | Given invalid inputs, when the user performs 'provide reporting capability: Social media integration (hashtag aggregation)', then the system returns a clear validation error. | Given normal load, when the user performs 'provide reporting capability: Social media integration (hashtag aggregation)', then the response time meets performance targets."
US-033,Core Functionality,Provide reporting capability: Screenshot/media archiving from events,user,provide reporting capability: Screenshot/media archiving from events,achieve the intended outcome,"Given a valid context, when the user performs 'provide reporting capability: Screenshot/media archiving from events', then the operation succeeds. | Given an alternate context, when the user performs 'provide reporting capability: Screenshot/media archiving from events', then the system handles the edge case gracefully. | Given invalid inputs, when the user performs 'provide reporting capability: Screenshot/media archiving from events', then the system returns a clear validation error. | Given normal load, when the user performs 'provide reporting capability: Screenshot/media archiving from events', then the response time meets performance targets."
US-034,Core Functionality,Maintain conference data: Year and title,user,maintain conference data: Year and title,achieve the intended outcome,"Given a valid context, when the user performs 'maintain conference data: Year and title', then the operation succeeds. | Given an alternate context, when the user performs 'maintain conference data: Year and title', then the system handles the edge case gracefully. | Given invalid inputs, when the user performs 'maintain conference data: Year and title', then the system returns a clear validation error. | Given normal load, when the user performs 'maintain conference data: Year and title', then the response time meets performance targets."
US-035,Core Functionality,Maintain conference data: Theme and description,user,maintain conference data: Theme and description,achieve the intended outcome,"Given a valid context, when the user performs 'maintain conference data: Theme and description', then the operation succeeds. | Given an alternate context, when the user performs 'maintain conference data: Theme and description', then the system handles the edge case gracefully. | Given invalid inputs, when the user performs 'maintain conference data: Theme and description', then the system returns a clear validation error. | Given normal load, when the user performs 'maintain conference data: Theme and description', then the response time meets performance targets."
US-036,Core Functionality,Maintain conference data: Venue and dates (start/end),user,maintain conference data: Venue and dates (start/end),achieve the intended outcome,"Given a valid context, when the user performs 'maintain conference data: Venue and dates (start/end)', then the operation succeeds. | Given an alternate context, when the user performs 'maintain conference data: Venue and dates (start/end)', then the system handles the edge case gracefully. | Given invalid inputs, when the user performs 'maintain conference data: Venue and dates (start/end)', then the system returns a clear validation error. | Given normal load, when the user performs 'maintain conference data: Venue and dates (start/end)', then the response time meets performance targets."
US-037,Core Functionality,Maintain conference data: Pre-event activities,user,maintain conference data: Pre-event activities,achieve the intended outcome,"Given a valid context, when the user performs 'maintain conference data: Pre-event activities', then the operation succeeds. | Given an alternate context, when the user performs 'maintain conference data: Pre-event activities', then the system handles the edge case gracefully. | Given invalid inputs, when the user performs 'maintain conference data: Pre-event activities', then the system returns a clear validation error. | Given normal load, when the user performs 'maintain conference data: Pre-event activities', then the response time meets performance targets."
US-038,Core Functionality,Maintain conference data: During-event activities,user,maintain conference data: During-event activities,achieve the intended outcome,"Given a valid context, when the user performs 'maintain conference data: During-event activities', then the operation succeeds. | Given an alternate context, when the user performs 'maintain conference data: During-event activities', then the system handles the edge case gracefully. | Given invalid inputs, when the user performs 'maintain conference data: During-event activities', then the system returns a clear validation error. | Given normal load, when the user performs 'maintain conference data: During-event activities', then the response time meets performance targets."
US-039,Core Functionality,Maintain conference data: Post-event activities,user,maintain conference data: Post-event activities,achieve the intended outcome,"Given a valid context, when the user performs 'maintain conference data: Post-event activities', then the operation succeeds. | Given an alternate context, when the user performs 'maintain conference data: Post-event activities', then the system handles the edge case gracefully. | Given invalid inputs, when the user performs 'maintain conference data: Post-event activities', then the system returns a clear validation error. | Given normal load, when the user performs 'maintain conference data: Post-event activities', then the response time meets performance targets."
US-040,Core Functionality,- Description: The system SHALL support event type: Class visits,user,- Description: The system SHALL support event type: Class visits,achieve the intended outcome,"Given a valid context, when the user performs '- Description: The system SHALL support event type: Class visits', then the operation succeeds. | Given an alternate context, when the user performs '- Description: The system SHALL support event type: Class visits', then the system handles the edge case gracefully. | Given invalid inputs, when the user performs '- Description: The system SHALL support event type: Class visits', then the system returns a clear validation error. | Given normal load, when the user performs '- Description: The system SHALL support event type: Class visits', then the response time meets performance targets."
US-041,Core Functionality,- Description: The system SHALL support event type: Field trips,user,- Description: The system SHALL support event type: Field trips,achieve the intended outcome,"Given a valid context, when the user performs '- Description: The system SHALL support event type: Field trips', then the operation succeeds. | Given an alternate context, when the user performs '- Description: The system SHALL support event type: Field trips', then the system handles the edge case gracefully. | Given invalid inputs, when the user performs '- Description: The system SHALL support event type: Field trips', then the system returns a clear validation error. | Given normal load, when the user performs '- Description: The system SHALL support event type: Field trips', then the response time meets performance targets."
US-042,Core Functionality,- Description: The system SHALL support event type: Company visits,user,- Description: The system SHALL support event type: Company visits,achieve the intended outcome,"Given a valid context, when the user performs '- Description: The system SHALL support event type: Company visits', then the operation succeeds. | Given an alternate context, when the user performs '- Description: The system SHALL support event type: Company visits', then the system handles the edge case gracefully. | Given invalid inputs, when the user performs '- Description: The system SHALL support event type: Company visits', then the system returns a clear validation error. | Given normal load, when the user performs '- Description: The system SHALL support event type: Company visits', then the response time meets performance targets."
US-043,Core Functionality,- Description: The system SHALL support event type: Virtual events,user,- Description: The system SHALL support event type: Virtual events,achieve the intended outcome,"Given a valid context, when the user performs '- Description: The system SHALL support event type: Virtual events', then the operation succeeds. | Given an alternate context, when the user performs '- Description: The system SHALL support event type: Virtual events', then the system handles the edge case gracefully. | Given invalid inputs, when the user performs '- Description: The system SHALL support event type: Virtual events', then the system returns a clear validation error. | Given normal load, when the user performs '- Description: The system SHALL support event type: Virtual events', then the response time meets performance targets."
US-044,Core Functionality,- Description: The system SHALL support event type: Miscellaneous activities,user,- Description: The system SHALL support event type: Miscellaneous activities,achieve the intended outcome,"Given a valid context, when the user performs '- Description: The system SHALL support event type: Miscellaneous activities', then the operation succeeds. | Given an alternate context, when the user performs '- Description: The system SHALL support event type: Miscellaneous activities', then the system handles the edge case gracefully. | Given invalid inputs, when the user performs '- Description: The system SHALL support event type: Miscellaneous activities', then the system returns a clear validation error. | Given normal load, when the user performs '- Description: The system SHALL support event type: Miscellaneous activities', then the response time meets performance targets."
US-045,Core Functionality,- Description: The system SHALL store event data field: Event type classification,user,- Description: The system SHALL store event data field: Event type classification,achieve the intended outcome,"Given a valid context, when the user performs '- Description: The system SHALL store event data field: Event type classification', then the operation succeeds. | Given an alternate context, when the user performs '- Description: The system SHALL store event data field: Event type classification', then the system handles the edge case gracefully. | Given invalid inputs, when the user performs '- Description: The system SHALL store event data field: Event type classification', then the system returns a clear validation error. | Given normal load, when the user performs '- Description: The system SHALL store event data field: Event type classification', then the response time meets performance targets."
US-046,Core Functionality,- Description: The system SHALL store event data field: Host information,user,- Description: The system SHALL store event data field: Host information,achieve the intended outcome,"Given a valid context, when the user performs '- Description: The system SHALL store event data field: Host information', then the operation succeeds. | Given an alternate context, when the user performs '- Description: The system SHALL store event data field: Host information', then the system handles the edge case gracefully. | Given invalid inputs, when the user performs '- Description: The system SHALL store event data field: Host information', then the system returns a clear validation error. | Given normal load, when the user performs '- Description: The system SHALL store event data field: Host information', then the response time meets performance targets."
US-047,Core Functionality,- Description: The system SHALL store event data field: Date/time details,user,- Description: The system SHALL store event data field: Date/time details,achieve the intended outcome,"Given a valid context, when the user performs '- Description: The system SHALL store event data field: Date/time details', then the operation succeeds. | Given an alternate context, when the user performs '- Description: The system SHALL store event data field: Date/time details', then the system handles the edge case gracefully. | Given invalid inputs, when the user performs '- Description: The system SHALL store event data field: Date/time details', then the system returns a clear validation error. | Given normal load, when the user performs '- Description: The system SHALL store event data field: Date/time details', then the response time meets performance targets."
US-048,Core Functionality,- Description: The system SHALL store event data field: Location/venue,user,- Description: The system SHALL store event data field: Location/venue,achieve the intended outcome,"Given a valid context, when the user performs '- Description: The system SHALL store event data field: Location/venue', then the operation succeeds. | Given an alternate context, when the user performs '- Description: The system SHALL store event data field: Location/venue', then the system handles the edge case gracefully. | Given invalid inputs, when the user performs '- Description: The system SHALL store event data field: Location/venue', then the system returns a clear validation error. | Given normal load, when the user performs '- Description: The system SHALL store event data field: Location/venue', then the response time meets performance targets."
US-049,Core Functionality,- Description: The system SHALL store event data field: Description and requirements,user,- Description: The system SHALL store event data field: Description and requirements,achieve the intended outcome,"Given a valid context, when the user performs '- Description: The system SHALL store event data field: Description and requirements', then the operation succeeds. | Given an alternate context, when the user performs '- Description: The system SHALL store event data field: Description and requirements', then the system handles the edge case gracefully. | Given invalid inputs, when the user performs '- Description: The system SHALL store event data field: Description and requirements', then the system returns a clear validation error. | Given normal load, when the user performs '- Description: The system SHALL store event data field: Description and requirements', then the response time meets performance targets."
US-050,Core Functionality,- Description: The system SHALL maintain host profile field: Organization name,user,- Description: The system SHALL maintain host profile field: Organization name,achieve the intended outcome,"Given a valid context, when the user performs '- Description: The system SHALL maintain host profile field: Organization name', then the operation succeeds. | Given an alternate context, when the user performs '- Description: The system SHALL maintain host profile field: Organization name', then the system handles the edge case gracefully. | Given invalid inputs, when the user performs '- Description: The system SHALL maintain host profile field: Organization name', then the system returns a clear validation error. | Given normal load, when the user performs '- Description: The system SHALL maintain host profile field: Organization name', then the response time meets performance targets."
US-051,Core Functionality,- Description: The system SHALL maintain host profile field: County location,user,- Description: The system SHALL maintain host profile field: County location,achieve the intended outcome,"Given a valid context, when the user performs '- Description: The system SHALL maintain host profile field: County location', then the operation succeeds. | Given an alternate context, when the user performs '- Description: The system SHALL maintain host profile field: County location', then the system handles the edge case gracefully. | Given invalid inputs, when the user performs '- Description: The system SHALL maintain host profile field: County location', then the system returns a clear validation error. | Given normal load, when the user performs '- Description: The system SHALL maintain host profile field: County location', then the response time meets performance targets."
US-052,Core Functionality,- Description: The system SHALL maintain host profile field: Website URL,user,- Description: The system SHALL maintain host profile field: Website URL,achieve the intended outcome,"Given a valid context, when the user performs '- Description: The system SHALL maintain host profile field: Website URL', then the operation succeeds. | Given an alternate context, when the user performs '- Description: The system SHALL maintain host profile field: Website URL', then the system handles the edge case gracefully. | Given invalid inputs, when the user performs '- Description: The system SHALL maintain host profile field: Website URL', then the system returns a clear validation error. | Given normal load, when the user performs '- Description: The system SHALL maintain host profile field: Website URL', then the response time meets performance targets."
US-053,Core Functionality,- Description: The system SHALL maintain host profile field: Industry classification,user,- Description: The system SHALL maintain host profile field: Industry classification,achieve the intended outcome,"Given a valid context, when the user performs '- Description: The system SHALL maintain host profile field: Industry classification', then the operation succeeds. | Given an alternate context, when the user performs '- Description: The system SHALL maintain host profile field: Industry classification', then the system handles the edge case gracefully. | Given invalid inputs, when the user performs '- Description: The system SHALL maintain host profile field: Industry classification', then the system returns a clear validation error. | Given normal load, when the user performs '- Description: The system SHALL maintain host profile field: Industry classification', then the response time meets performance targets."
US-054,Core Functionality,- Description: The system SHALL maintain host profile field: Organization type (Company vs Non-Profit),user,- Description: The system SHALL maintain host profile field: Organization type (Company vs Non-Profit),achieve the intended outcome,"Given a valid context, when the user performs '- Description: The system SHALL maintain host profile field: Organization type (Company vs Non-Profit)', then the operation succeeds. | Given an alternate context, when the user performs '- Description: The system SHALL maintain host profile field: Organization type (Company vs Non-Profit)', then the system handles the edge case gracefully. | Given invalid inputs, when the user performs '- Description: The system SHALL maintain host profile field: Organization type (Company vs Non-Profit)', then the system returns a clear validation error. | Given normal load, when the user performs '- Description: The system SHALL maintain host profile field: Organization type (Company vs Non-Profit)', then the response time meets performance targets."
US-055,Core Functionality,- Description: The system SHALL support request type: School visit requests (companies visiting schools),user,- Description: The system SHALL support request type: School visit requests (companies visiting schools),achieve the intended outcome,"Given a valid context, when the user performs '- Description: The system SHALL support request type: School visit requests (companies visiting schools)', then the operation succeeds. | Given an alternate context, when the user performs '- Description: The system SHALL support request type: School visit requests (companies visiting schools)', then the system handles the edge case gracefully. | Given invalid inputs, when the user performs '- Description: The system SHALL support request type: School visit requests (companies visiting schools)', then the system returns a clear validation error. | Given normal load, when the user performs '- Description: The system SHALL support request type: School visit requests (companies visiting schools)', then the response time meets performance targets."
US-056,Core Functionality,- Description: The system SHALL support request type: Reverse visit requests (schools visiting companies),user,- Description: The system SHALL support request type: Reverse visit requests (schools visiting companies),achieve the intended outcome,"Given a valid context, when the user performs '- Description: The system SHALL support request type: Reverse visit requests (schools visiting companies)', then the operation succeeds. | Given an alternate context, when the user performs '- Description: The system SHALL support request type: Reverse visit requests (schools visiting companies)', then the system handles the edge case gracefully. | Given invalid inputs, when the user performs '- Description: The system SHALL support request type: Reverse visit requests (schools visiting companies)', then the system returns a clear validation error. | Given normal load, when the user performs '- Description: The system SHALL support request type: Reverse visit requests (schools visiting companies)', then the response time meets performance targets."
US-057,Core Functionality,- Description: The system SHALL support request type: Sponsorship requests,user,- Description: The system SHALL support request type: Sponsorship requests,achieve the intended outcome,"Given a valid context, when the user performs '- Description: The system SHALL support request type: Sponsorship requests', then the operation succeeds. | Given an alternate context, when the user performs '- Description: The system SHALL support request type: Sponsorship requests', then the system handles the edge case gracefully. | Given invalid inputs, when the user performs '- Description: The system SHALL support request type: Sponsorship requests', then the system returns a clear validation error. | Given normal load, when the user performs '- Description: The system SHALL support request type: Sponsorship requests', then the response time meets performance targets."
US-058,Core Functionality,"- Description: The system SHALL provide discovery capability: Location-based event search (""I'm in Westerville, find me something to do"")",user,"- Description: The system SHALL provide discovery capability: Location-based event search (""I'm in Westerville, find me something to do"")",achieve the intended outcome,"Given a valid context, when the user performs '- Description: The system SHALL provide discovery capability: Location-based event search (""I'm in Westerville, find me something to do"")', then the operation succeeds. | Given an alternate context, when the user performs '- Description: The system SHALL provide discovery capability: Location-based event search (""I'm in Westerville, find me something to do"")', then the system handles the edge case gracefully. | Given invalid inputs, when the user performs '- Description: The system SHALL provide discovery capability: Location-based event search (""I'm in Westerville, find me something to do"")', then the system returns a clear validation error. | Given normal load, when the user performs '- Description: The system SHALL provide discovery capability: Location-based event search (""I'm in Westerville, find me something to do"")', then the response time meets performance targets."
US-059,Core Functionality,- Description: The system SHALL provide discovery capability: Member directory with contact preferences,user,- Description: The system SHALL provide discovery capability: Member directory with contact preferences,achieve the intended outcome,"Given a valid context, when the user performs '- Description: The system SHALL provide discovery capability: Member directory with contact preferences', then the operation succeeds. | Given an alternate context, when the user performs '- Description: The system SHALL provide discovery capability: Member directory with contact preferences', then the system handles the edge case gracefully. | Given invalid inputs, when the user performs '- Description: The system SHALL provide discovery capability: Member directory with contact preferences', then the system returns a clear validation error. | Given normal load, when the user performs '- Description: The system SHALL provide discovery capability: Member directory with contact preferences', then the response time meets performance targets."
US-060,Core Functionality,"- Description: The system SHALL provide discovery capability: Event filtering by type, location, date",user,"- Description: The system SHALL provide discovery capability: Event filtering by type, location, date",achieve the intended outcome,"Given a valid context, when the user performs '- Description: The system SHALL provide discovery capability: Event filtering by type, location, date', then the operation succeeds. | Given an alternate context, when the user performs '- Description: The system SHALL provide discovery capability: Event filtering by type, location, date', then the system handles the edge case gracefully. | Given invalid inputs, when the user performs '- Description: The system SHALL provide discovery capability: Event filtering by type, location, date', then the system returns a clear validation error. | Given normal load, when the user performs '- Description: The system SHALL provide discovery capability: Event filtering by type, location, date', then the response time meets performance targets."
US-061,Core Functionality,- Description: The system SHALL support sponsorship capability: Sponsor profile creation,user,- Description: The system SHALL support sponsorship capability: Sponsor profile creation,achieve the intended outcome,"Given a valid context, when the user performs '- Description: The system SHALL support sponsorship capability: Sponsor profile creation', then the operation succeeds. | Given an alternate context, when the user performs '- Description: The system SHALL support sponsorship capability: Sponsor profile creation', then the system handles the edge case gracefully. | Given invalid inputs, when the user performs '- Description: The system SHALL support sponsorship capability: Sponsor profile creation', then the system returns a clear validation error. | Given normal load, when the user performs '- Description: The system SHALL support sponsorship capability: Sponsor profile creation', then the response time meets performance targets."
US-062,Core Functionality,- Description: The system SHALL support sponsorship capability: Sponsorship opportunity matching,user,- Description: The system SHALL support sponsorship capability: Sponsorship opportunity matching,achieve the intended outcome,"Given a valid context, when the user performs '- Description: The system SHALL support sponsorship capability: Sponsorship opportunity matching', then the operation succeeds. | Given an alternate context, when the user performs '- Description: The system SHALL support sponsorship capability: Sponsorship opportunity matching', then the system handles the edge case gracefully. | Given invalid inputs, when the user performs '- Description: The system SHALL support sponsorship capability: Sponsorship opportunity matching', then the system returns a clear validation error. | Given normal load, when the user performs '- Description: The system SHALL support sponsorship capability: Sponsorship opportunity matching', then the response time meets performance targets."
US-063,Core Functionality,- Description: The system SHALL support sponsorship capability: Sponsor form completion with option selection,user,- Description: The system SHALL support sponsorship capability: Sponsor form completion with option selection,achieve the intended outcome,"Given a valid context, when the user performs '- Description: The system SHALL support sponsorship capability: Sponsor form completion with option selection', then the operation succeeds. | Given an alternate context, when the user performs '- Description: The system SHALL support sponsorship capability: Sponsor form completion with option selection', then the system handles the edge case gracefully. | Given invalid inputs, when the user performs '- Description: The system SHALL support sponsorship capability: Sponsor form completion with option selection', then the system returns a clear validation error. | Given normal load, when the user performs '- Description: The system SHALL support sponsorship capability: Sponsor form completion with option selection', then the response time meets performance targets."
US-064,Core Functionality,- Description: The system SHALL provide email/notification capability: Customizable email templates for different scenarios,user,- Description: The system SHALL provide email/notification capability: Customizable email templates for different scenarios,achieve the intended outcome,"Given a valid context, when the user performs '- Description: The system SHALL provide email/notification capability: Customizable email templates for different scenarios', then the operation succeeds. | Given an alternate context, when the user performs '- Description: The system SHALL provide email/notification capability: Customizable email templates for different scenarios', then the system handles the edge case gracefully. | Given invalid inputs, when the user performs '- Description: The system SHALL provide email/notification capability: Customizable email templates for different scenarios', then the system returns a clear validation error. | Given normal load, when the user performs '- Description: The system SHALL provide email/notification capability: Customizable email templates for different scenarios', then the response time meets performance targets."
US-065,Core Functionality,- Description: The system SHALL provide email/notification capability: Automated teacher notifications for sticker programs,user,- Description: The system SHALL provide email/notification capability: Automated teacher notifications for sticker programs,achieve the intended outcome,"Given a valid context, when the user performs '- Description: The system SHALL provide email/notification capability: Automated teacher notifications for sticker programs', then the operation succeeds. | Given an alternate context, when the user performs '- Description: The system SHALL provide email/notification capability: Automated teacher notifications for sticker programs', then the system handles the edge case gracefully. | Given invalid inputs, when the user performs '- Description: The system SHALL provide email/notification capability: Automated teacher notifications for sticker programs', then the system returns a clear validation error. | Given normal load, when the user performs '- Description: The system SHALL provide email/notification capability: Automated teacher notifications for sticker programs', then the response time meets performance targets."
US-066,Core Functionality,- Description: The system SHALL provide email/notification capability: Event reminder system for hosts and participants,user,- Description: The system SHALL provide email/notification capability: Event reminder system for hosts and participants,achieve the intended outcome,"Given a valid context, when the user performs '- Description: The system SHALL provide email/notification capability: Event reminder system for hosts and participants', then the operation succeeds. | Given an alternate context, when the user performs '- Description: The system SHALL provide email/notification capability: Event reminder system for hosts and participants', then the system handles the edge case gracefully. | Given invalid inputs, when the user performs '- Description: The system SHALL provide email/notification capability: Event reminder system for hosts and participants', then the system returns a clear validation error. | Given normal load, when the user performs '- Description: The system SHALL provide email/notification capability: Event reminder system for hosts and participants', then the response time meets performance targets."
US-067,Core Functionality,- Description: The system SHALL provide email/notification capability: Pre-event instruction emails,user,- Description: The system SHALL provide email/notification capability: Pre-event instruction emails,achieve the intended outcome,"Given a valid context, when the user performs '- Description: The system SHALL provide email/notification capability: Pre-event instruction emails', then the operation succeeds. | Given an alternate context, when the user performs '- Description: The system SHALL provide email/notification capability: Pre-event instruction emails', then the system handles the edge case gracefully. | Given invalid inputs, when the user performs '- Description: The system SHALL provide email/notification capability: Pre-event instruction emails', then the system returns a clear validation error. | Given normal load, when the user performs '- Description: The system SHALL provide email/notification capability: Pre-event instruction emails', then the response time meets performance targets."
US-068,Core Functionality,- Description: The system SHALL provide email/notification capability: Follow-up communication templates,user,- Description: The system SHALL provide email/notification capability: Follow-up communication templates,achieve the intended outcome,"Given a valid context, when the user performs '- Description: The system SHALL provide email/notification capability: Follow-up communication templates', then the operation succeeds. | Given an alternate context, when the user performs '- Description: The system SHALL provide email/notification capability: Follow-up communication templates', then the system handles the edge case gracefully. | Given invalid inputs, when the user performs '- Description: The system SHALL provide email/notification capability: Follow-up communication templates', then the system returns a clear validation error. | Given normal load, when the user performs '- Description: The system SHALL provide email/notification capability: Follow-up communication templates', then the response time meets performance targets."
US-069,Core Functionality,- Description: The system SHALL provide reporting capability: Daily activity summaries powered by AI,user,- Description: The system SHALL provide reporting capability: Daily activity summaries powered by AI,achieve the intended outcome,"Given a valid context, when the user performs '- Description: The system SHALL provide reporting capability: Daily activity summaries powered by AI', then the operation succeeds. | Given an alternate context, when the user performs '- Description: The system SHALL provide reporting capability: Daily activity summaries powered by AI', then the system handles the edge case gracefully. | Given invalid inputs, when the user performs '- Description: The system SHALL provide reporting capability: Daily activity summaries powered by AI', then the system returns a clear validation error. | Given normal load, when the user performs '- Description: The system SHALL provide reporting capability: Daily activity summaries powered by AI', then the response time meets performance targets."
US-070,Core Functionality,- Description: The system SHALL provide reporting capability: Event participation tracking,user,- Description: The system SHALL provide reporting capability: Event participation tracking,achieve the intended outcome,"Given a valid context, when the user performs '- Description: The system SHALL provide reporting capability: Event participation tracking', then the operation succeeds. | Given an alternate context, when the user performs '- Description: The system SHALL provide reporting capability: Event participation tracking', then the system handles the edge case gracefully. | Given invalid inputs, when the user performs '- Description: The system SHALL provide reporting capability: Event participation tracking', then the system returns a clear validation error. | Given normal load, when the user performs '- Description: The system SHALL provide reporting capability: Event participation tracking', then the response time meets performance targets."
US-071,Core Functionality,- Description: The system SHALL provide reporting capability: Social media integration (hashtag aggregation),user,- Description: The system SHALL provide reporting capability: Social media integration (hashtag aggregation),achieve the intended outcome,"Given a valid context, when the user performs '- Description: The system SHALL provide reporting capability: Social media integration (hashtag aggregation)', then the operation succeeds. | Given an alternate context, when the user performs '- Description: The system SHALL provide reporting capability: Social media integration (hashtag aggregation)', then the system handles the edge case gracefully. | Given invalid inputs, when the user performs '- Description: The system SHALL provide reporting capability: Social media integration (hashtag aggregation)', then the system returns a clear validation error. | Given normal load, when the user performs '- Description: The system SHALL provide reporting capability: Social media integration (hashtag aggregation)', then the response time meets performance targets."
US-072,Core Functionality,- Description: The system SHALL provide reporting capability: Screenshot/media archiving from events,user,- Description: The system SHALL provide reporting capability: Screenshot/media archiving from events,achieve the intended outcome,"Given a valid context, when the user performs '- Description: The system SHALL provide reporting capability: Screenshot/media archiving from events', then the operation succeeds. | Given an alternate context, when the user performs '- Description: The system SHALL provide reporting capability: Screenshot/media archiving from events', then the system handles the edge case gracefully. | Given invalid inputs, when the user performs '- Description: The system SHALL provide reporting capability: Screenshot/media archiving from events', then the system returns a clear validation error. | Given normal load, when the user performs '- Description: The system SHALL provide reporting capability: Screenshot/media archiving from events', then the response time meets performance targets."
US-073,Core Functionality,- Description: The system SHALL maintain conference data: Year and title,user,- Description: The system SHALL maintain conference data: Year and title,achieve the intended outcome,"Given a valid context, when the user performs '- Description: The system SHALL maintain conference data: Year and title', then the operation succeeds. | Given an alternate context, when the user performs '- Description: The system SHALL maintain conference data: Year and title', then the system handles the edge case gracefully. | Given invalid inputs, when the user performs '- Description: The system SHALL maintain conference data: Year and title', then the system returns a clear validation error. | Given normal load, when the user performs '- Description: The system SHALL maintain conference data: Year and title', then the response time meets performance targets."
US-074,Core Functionality,- Description: The system SHALL maintain conference data: Theme and description,user,- Description: The system SHALL maintain conference data: Theme and description,achieve the intended outcome,"Given a valid context, when the user performs '- Description: The system SHALL maintain conference data: Theme and description', then the operation succeeds. | Given an alternate context, when the user performs '- Description: The system SHALL maintain conference data: Theme and description', then the system handles the edge case gracefully. | Given invalid inputs, when the user performs '- Description: The system SHALL maintain conference data: Theme and description', then the system returns a clear validation error. | Given normal load, when the user performs '- Description: The system SHALL maintain conference data: Theme and description', then the response time meets performance targets."
US-075,Core Functionality,- Description: The system SHALL maintain conference data: Venue and dates (start/end),user,- Description: The system SHALL maintain conference data: Venue and dates (start/end),achieve the intended outcome,"Given a valid context, when the user performs '- Description: The system SHALL maintain conference data: Venue and dates (start/end)', then the operation succeeds. | Given an alternate context, when the user performs '- Description: The system SHALL maintain conference data: Venue and dates (start/end)', then the system handles the edge case gracefully. | Given invalid inputs, when the user performs '- Description: The system SHALL maintain conference data: Venue and dates (start/end)', then the system returns a clear validation error. | Given normal load, when the user performs '- Description: The system SHALL maintain conference data: Venue and dates (start/end)', then the response time meets performance targets."
US-076,Core Functionality,- Description: The system SHALL maintain conference data: Pre-event activities,user,- Description: The system SHALL maintain conference data: Pre-event activities,achieve the intended outcome,"Given a valid context, when the user performs '- Description: The system SHALL maintain conference data: Pre-event activities', then the operation succeeds. | Given an alternate context, when the user performs '- Description: The system SHALL maintain conference data: Pre-event activities', then the system handles the edge case gracefully. | Given invalid inputs, when the user performs '- Description: The system SHALL maintain conference data: Pre-event activities', then the system returns a clear validation error. | Given normal load, when the user performs '- Description: The system SHALL maintain conference data: Pre-event activities', then the response time meets performance targets."
US-077,Core Functionality,- Description: The system SHALL maintain conference data: During-event activities,user,- Description: The system SHALL maintain conference data: During-event activities,achieve the intended outcome,"Given a valid context, when the user performs '- Description: The system SHALL maintain conference data: During-event activities', then the operation succeeds. | Given an alternate context, when the user performs '- Description: The system SHALL maintain conference data: During-event activities', then the system handles the edge case gracefully. | Given invalid inputs, when the user performs '- Description: The system SHALL maintain conference data: During-event activities', then the system returns a clear validation error. | Given normal load, when the user performs '- Description: The system SHALL maintain conference data: During-event activities', then the response time meets performance targets."
US-078,Core Functionality,- Description: The system SHALL maintain conference data: Post-event activities,user,- Description: The system SHALL maintain conference data: Post-event activities,achieve the intended outcome,"Given a valid context, when the user performs '- Description: The system SHALL maintain conference data: Post-event activities', then the operation succeeds. | Given an alternate context, when the user performs '- Description: The system SHALL maintain conference data: Post-event activities', then the system handles the edge case gracefully. | Given invalid inputs, when the user performs '- Description: The system SHALL maintain conference data: Post-event activities', then the system returns a clear validation error. | Given normal load, when the user performs '- Description: The system SHALL maintain conference data: Post-event activities', then the response time meets performance targets."
US-079,Core Functionality,- Performance / Security / Compliance: The system SHALL support event type: Field trips,user,- Performance / Security / Compliance: The system SHALL support event type: Field trips,achieve the intended outcome,"Given a valid context, when the user performs '- Performance / Security / Compliance: The system SHALL support event type: Field trips', then the operation succeeds. | Given an alternate context, when the user performs '- Performance / Security / Compliance: The system SHALL support event type: Field trips', then the system handles the edge case gracefully. | Given invalid inputs, when the user performs '- Performance / Security / Compliance: The system SHALL support event type: Field trips', then the system returns a clear validation error. | Given normal load, when the user performs '- Performance / Security / Compliance: The system SHALL support event type: Field trips', then the response time meets performance targets."
US-080,Core Functionality,- Success Metrics: The system SHALL support event type: Company visits,user,- Success Metrics: The system SHALL support event type: Company visits,achieve the intended outcome,"Given a valid context, when the user performs '- Success Metrics: The system SHALL support event type: Company visits', then the operation succeeds. | Given an alternate context, when the user performs '- Success Metrics: The system SHALL support event type: Company visits', then the system handles the edge case gracefully. | Given invalid inputs, when the user performs '- Success Metrics: The system SHALL support event type: Company visits', then the system returns a clear validation error. | Given normal load, when the user performs '- Success Metrics: The system SHALL support event type: Company visits', then the response time meets performance targets."
